<?xml version="1.0" encoding="UTF-8"?>

<!DOCTYPE beans PUBLIC "-//SPRING//DTD BEAN 2.0//EN"
    "http://www.springframework.org/dtd/spring-beans-2.0.dtd">
    
    <beans>
    
    <bean id="tri" class="com.pradeep.main.Triangle">
    	<property name="pointList">
    		<list>
    			<ref bean="zeropoint"/>
    			<ref bean="point2"/>
    			<ref bean="point3"/>
    		</list>
    	</property>
    </bean>
    
    <bean id="zeropoint" class="com.pradeep.main.Point">
    	<property name="x" value="0"/>
    	<property name="y" value="0"/>
    </bean>
    
    <bean id="point2" class="com.pradeep.main.Point">
    	<property name="x" value="-20"/>
    	<property name="y" value="0"/>
    </bean>
    
    <bean id="point3" class="com.pradeep.main.Point">
    	<property name="x" value="20"/>
    	<property name="y" value="0"/>
    </bean>
    
    
    </beans>