<?xml version="1.0" encoding="UTF-8"?>
<!DOCTYPE hibernate-configuration PUBLIC
      "-//Hibernate/Hibernate Configuration DTD 3.0//EN"
      "http://hibernate.sourceforge.net/hibernate-configuration-3.0.dtd">
<hibernate-configuration>
    <session-factory>
        <property name="hibernate.connection.driver_class">oracle.jdbc.driver.OracleDriver</property>
        <property name="hibernate.connection.url">jdbc:oracle:thin:@localhost:1521:XE</property>
        <property name="hibernate.connection.password">103kumar</property>
        <property name="hibernate.connection.username">system</property>
        
        <!-- Oracle dialect -->
        <property name="hibernate.dialect">org.hibernate.dialect.Oracle10gDialect</property>
       
        <!-- Enable Hibernate's automatic session context management -->
        <property name="current_session_context_class">thread</property>
       
        <!-- Disable the second-level cache  -->
        <property name="cache.provider_class">org.hibernate.cache.NoCacheProvider</property>
       
       
        <property name="transaction.factory_class">org.hibernate.transaction.JDBCTransactionFactory</property>
       
        <!-- this will show us all sql statements -->
       <property name="hibernate.show_sql">true</property>
       
       <!-- this will create the database tables for us -->
       <property name="hibernate.hbm2ddl.auto">update</property>
       <!-- names the annotated entity class -->
       <mapping class="com.pradeep.model.SignUp"/>
      
    </session-factory>
</hibernate-configuration>