<?xml version="1.0" encoding="UTF-8"?>

<!DOCTYPE struts PUBLIC
    "-//Apache Software Foundation//DTD Struts Configuration 2.0//EN"
    "http://struts.apache.org/dtds/struts-2.0.dtd">
   
   <struts>
   
   <package name="login" extends="struts-default">
   
  
        
   <action name="login" class="com.pradeep.controller.LoginAction">
   <result name="input">/Login.jsp</result>
   <result name="success">/HomePage.jsp</result>
   <result name="error">/Login.jsp</result>
   
   </action>
   
   <action name="signup" class="com.pradeep.controller.SignUpAction">
   <result name="success">/Login.jsp</result>
   <result name="error">/SignUp.jsp</result>
   <result name="input">/SignUp.jsp</result>
   </action>
   
   
   </package>
   
   </struts>
