<?xml version="1.0" encoding="UTF-8"?>

<!DOCTYPE beans PUBLIC "-//SPRING//DTD BEAN 2.0//EN"
    "http://www.springframework.org/dtd/spring-beans-2.0.dtd">
    
    <beans default-init-method="myInit" default-destroy-method="myDestroy">
    
    	<!--<bean id="tri" class="com.pradeep.main.Triangle">
       	<property name="type" value="quadrilateral"/>
    	<property name="height" value="25"/>
    	</bean> 
    	
   		-->	
   		
   		<bean id="tri" class="com.pradeep.main.Triangle" init-method="myInit" destroy-method="myDestroy">
       	<property name="type" value="quadrilateral"/>
    	<property name="height" value="25"/>
    	</bean><!-- 
    	
     you can also configure init and destroy methods globally as a attribute to
         beans tag which says all the beans defined here will have these init and
         destroy methods like this.. 
         
         --><!-- <beans default-init-method="myInit" default-destroy-method="myDestroy"/> -->
    
    </beans>
