<?xml version="1.0" encoding="UTF-8"?>

<!DOCTYPE beans PUBLIC "-//SPRING//DTD BEAN 2.0//EN"
    "http://www.springframework.org/dtd/spring-beans-2.0.dtd">
    
    <beans>
    
    <bean id="parenttriangle" class="com.pradeep.main.Triangle" abstract="true">
    	<property name="pointlist">
    		<list>
    			<ref bean="zeropoint"/>
    			<ref bean="point2"/>
   	    	</list>
   		 </property>
    </bean>
    
     <bean id="triangle1" class="com.pradeep.main.Triangle" parent="parenttriangle">
    	<property name="pointlist">
    		<list merge="true">
    			<ref bean="point3"/>
    		</list>
    	</property>
    </bean>
    
    <!-- triangle1 extends parenttriangle this bean defination inheritance -->
    
    
    <bean id="zeropoint" class="com.pradeep.main.Point">
    <property name="x" value="0"/>
    <property name="y" value="0"/>
    </bean>
    
    <bean id="point2" class="com.pradeep.main.Point">
    <property name="x" value="-20"/>
    <property name="y" value="0"/>
    </bean>
    
    <bean id="point3" class="com.pradeep.main.Point">
    <property name="x" value="20"/>
    <property name="y" value="0"/>
    </bean>
    </beans>