<?xml version="1.0" encoding="UTF-8"?>

<!DOCTYPE beans PUBLIC "-//SPRING//DTD BEAN 2.0//EN"
    "http://www.springframework.org/dtd/spring-beans-2.0.dtd">
    
    <beans>	 
      <!-- <bean id="tri" class="com.pradeep.main.Triangle">
      		<constructor-arg value="25"/>
    		<constructor-arg value="equilateral"/>
    		 
    	</bean>  -->  
    
   	 	<!--  <bean id="tri" class="com.pradeep.main.Triangle">
   		 	<constructor-arg type="String" value="equilateral"/>
    		<constructor-arg type="int" value="25"/> 
   		</bean>  -->
   		
   		<!-- <bean id="tri" class="com.pradeep.main.Triangle">
    		<constructor-arg value="equilateral"/>
    	</bean>  -->   
   <!--   
  	 <bean id="tri" class="com.pradeep.main.Triangle">
    		<constructor-arg type="int" value="20"/>
    	</bean>  -->
    
   <!-- <bean id="tri" class="com.pradeep.main.Triangle">
    		<constructor-arg type="java.lang.String" value="equilateral"/>
    	</bean> -->
    
    	<bean id="tri" class="com.pradeep.main.Triangle" name="mytriangle">
   			<constructor-arg index="0" value="25"/>
    		<constructor-arg index="1" value="equilateral"/> 
   		</bean> 
        
        <alias name="tri" alias="mytriangle"/>
        
    </beans>