<?xml version="1.0" encoding="UTF-8"?>

<!DOCTYPE beans PUBLIC "-//SPRING//DTD BEAN 2.0//EN"
    "http://www.springframework.org/dtd/spring-beans-2.0.dtd">

    <beans>
    
    <bean id="tri" class="com.pradeep.main.Triangle" autowire="byName"/>
  
    <bean id="pointA" class="com.pradeep.main.Point">
    	<property name="x" value="0"/>
    	<property name="y" value="0"/>
    </bean>
    
    <bean id="pointB" class="com.pradeep.main.Point">
    	<property name="x" value="-20"/>
    	<property name="y" value="0"/>
    </bean>
    
    <bean id="pointC" class="com.pradeep.main.Point">
    	<property name="x" value="20"/>
    	<property name="y" value="0"/>
    </bean>
    
    </beans>
    
      
   <!-- for byName your member variable names must be equal to bean id names -->
   
   <!-- for byType there must be only member variable of that type in your bean class -->
   
   <!-- autowire = constructor will also work like byType but only diff is byType goes 
   		for setter injection where as constructor goes for constructor injection but for
   		both the condition is same only one member variable per type  --> 

	<!-- if you do not specify any autowiring by default it is off -->   
    
    