<?xml version="1.0" encoding="UTF-8"?>

<beans xmlns="http://www.springframework.org/schema/beans"
       xmlns:xsi="http://www.w3.org/2001/XMLSchema-instance"
       xmlns:context="http://www.springframework.org/schema/context"
       xsi:schemaLocation="http://www.springframework.org/schema/beans 
           http://www.springframework.org/schema/beans/spring-beans-3.0.xsd
           http://www.springframework.org/schema/context
           http://www.springframework.org/schema/context/spring-context-3.0.xsd">
           
    	<bean id="triangle" class="com.pradeep.main.Triangle"/>
    	
    	
    
    		<!-- atowired annotation is same as autowiring byType now if you have multiple beans 
    			of the same type then id of the bean must match with the member variables in the class.
    			becoz what spring does is it frist searches for the bean of that perticular type if it 
    			finds only one it assings that bean and if it finds more it tries to match the names. -->
    		
    		
    		
    	<bean id="pointA" class="com.pradeep.main.Point">
	    	<qualifier value="circlerelated"/>
	    	<property name="x" value="0"/>
	    	<property name="y" value="0"/>
    	</bean>
    	
    	<bean id="pointB" class="com.pradeep.main.Point">
    	<property name="x" value="-20"/>
    	<property name="y" value="0"/>
    	</bean>
    	
    	<bean id="pointC" class="com.pradeep.main.Point">
    	<property name="x" value="20"/>
    	<property name="y" value="0"/>
    	</bean>
    	
    	<bean id="circle" class="com.pradeep.main.Circle"/>
    	
    	<!--
    
    <bean class="org.springframework.beans.factory.annotation.AutowiredAnnotationBeanPostProcessor"/>
    
    -->
    
    <context:annotation-config/>
    
    <!-- instead of adding each and every postprocessor seperately this tag will add all annotations -->
    </beans>