<?xml version="1.0" encoding="UTF-8"?>

<!DOCTYPE beans PUBLIC "-//SPRING//DTD BEAN 2.0//EN"
    "http://www.springframework.org/dtd/spring-beans-2.0.dtd">

    <beans>
    
    <bean id="tri" class="com.pradeep.main.Triangle" autowire="byName"/>
    
    <bean id="pointA" class="com.pradeep.main.Point">
    	<property name="x" value="${PointA.X}"/>
    	<property name="y" value="${PointA.Y}"/>
    </bean>
    
    <bean id="pointB" class="com.pradeep.main.Point">
    	<property name="x" value="-20"/>
    	<property name="y" value="0"/>
    </bean>
     
    <bean id="pointC" class="com.pradeep.main.Point">
    	<property name="x" value="20"/>
    	<property name="y" value="0"/>
    </bean>
    
    <bean class="com.pradeep.main.MyBeanFactoryPostProcessor"/>
    <bean class="org.springframework.beans.factory.config.PropertyPlaceholderConfigurer">
    	<property name="locations" value="Placeholder.propertites"/>
    </bean>
    
    </beans>