<?xml version="1.0" encoding="UTF-8"?>

<!DOCTYPE beans PUBLIC "-//SPRING//DTD BEAN 2.0//EN"
    "http://www.springframework.org/dtd/spring-beans-2.0.dtd">
        
<beans>

<bean id="triangle" class="com.pradeep.beans.Triangle">
<property name="pointA" ref="zeropoint"/>
<property name="pointB" ref="point2"/>
<property name="pointC" ref="point3"/>
</bean>

<bean id="zeropoint" class="com.pradeep.beans.Point">
<property name="x" value="0"/>
<property name="y" value="0"/>
</bean>

<bean id="point2" class="com.pradeep.beans.Point">
<property name="x" value="-20"/>
<property name="y" value="0"/>
</bean>

<bean id="point3" class="com.pradeep.beans.Point">
<property name="x" value="20"/>
<property name="y" value="0"/>
</bean>

<bean id="circle" class="com.pradeep.beans.Circle">
	<!-- <property name="center" ref="zeropoint" /> -->
</bean>
 
<bean class="org.springframework.beans.factory.annotation.RequiredAnnotationBeanPostProcessor"/>

</beans>